Date,Time,TxBat(V),VFR 900M(%),RSSI 900M(dB),RX,AccX(g),RxBatt(V),Power 900M(mW),AccZ(g),RSSI 2.4G(dB),RX,AccY(g),VFR 2.4G(%),Rx VFR(%),R.angle(°),P.angle(°),ADC2(V),GPS speed(km/h),GPS,GPS alt(m),GPS clock(),Rudder,Elevator,Throttle,Aileron,Pot1,Pot2,Ext1,Ext2,Pot3,Slider left,Slider right,SA,SB,SC,SD,SE,SF,SG,SH,SI,SJ,LS1,CH1,CH2,CH3,CH4,CH5,CH6,CH7,CH8,CH9,CH10,CH11,CH12,CH13,CH14,CH15,CH16,CH17,CH18,CH19,CH20,CH21,CH22,CH23,CH24,CH25,CH26,CH27,CH28,CH29,CH30,CH31,CH32,CH33,CH34,CH35,CH36,CH37,CH38,CH39,CH40,CH41,CH42,CH43,CH44,CH45,CH46,CH47,CH48,CH49,CH50,CH51,CH52,CH53,CH54,CH55,CH56,CH57,CH58,CH59,CH60,CH61,CH62,CH63,CH64,
2026-05-29,09:10:21.960,8.30,100,77,0,0.083,5.97,25,-0.620,74,0,0.013,100,100,172.94,9.20,0.00,72,55.417000 12.872900,99,2026-05-29 09:10:22,0,51,-211,-170,-429,1,47,0,322,0,0,-1,-1,-1,-1,-1,1,0,-1,-1,-1,1,94,-11,-211,0,94,0,0,0,0,0,0,0,297,0,0,0,0,0,0,0,0,0,0,0,0,0,0,0,0,0,0,0,0,0,0,0,0,0,0,0,0,0,0,0,0,0,0,0,0,0,0,0,0,0,0,0,0,0,0,0,0,0,0,0,
2026-05-29,09:10:22.070,8.30,100,75,0,0.086,5.96,25,-0.620,73,0,0.013,100,100,172.94,9.20,0.00,72,55.417000 12.872900,99,2026-05-29 09:10:22,0,129,-210,-139,-429,0,47,0,322,0,0,-1,-1,-1,-1,-1,1,0,-1,-1,-1,1,83,-38,-210,0,83,0,0,0,0,0,0,0,298,0,0,0,0,0,0,0,0,0,0,0,0,0,0,0,0,0,0,0,0,0,0,0,0,0,0,0,0,0,0,0,0,0,0,0,0,0,0,0,0,0,0,0,0,0,0,0,0,0,0,0,
2026-05-29,09:10:22.190,8.31,100,73,0,0.086,5.94,25,-0.648,73,0,0.046,100,100,168.10,10.69,0.00,72,55.417000 12.872900,99,2026-05-29 09:10:22,0,133,-211,-125,-430,0,47,0,321,0,0,-1,-1,-1,-1,-1,1,0,-1,-1,-1,1,78,-39,-211,0,78,0,0,0,0,0,0,0,297,0,0,0,0,0,0,0,0,0,0,0,0,0,0,0,0,0,0,0,0,0,0,0,0,0,0,0,0,0,0,0,0,0,0,0,0,0,0,0,0,0,0,0,0,0,0,0,0,0,0,0,
2026-05-29,09:10:22.300,8.30,100,70,0,0.072,5.96,25,-0.967,73,0,0.056,100,100,163.37,10.64,0.00,72,55.417000 12.872900,99,2026-05-29 09:10:22,0,133,-211,-128,-430,0,48,0,322,0,0,-1,-1,-1,-1,-1,1,0,-1,-1,-1,1,79,-39,-211,0,79,0,0,0,0,0,0,0,298,0,0,0,0,0,0,0,0,0,0,0,0,0,0,0,0,0,0,0,0,0,0,0,0,0,0,0,0,0,0,0,0,0,0,0,0,0,0,0,0,0,0,0,0,0,0,0,0,0,0,0,
2026-05-29,09:10:22.420,8.31,100,69,0,0.050,5.96,25,-0.967,73,0,0.100,100,100,160.61,9.02,0.00,72,55.417000 12.872900,99,2026-05-29 09:10:22,0,144,-210,-106,-429,0,47,0,322,0,0,-1,-1,-1,-1,-1,1,0,-1,-1,-1,1,73,-43,-210,0,73,0,0,0,0,0,0,0,298,0,0,0,0,0,0,0,0,0,0,0,0,0,0,0,0,0,0,0,0,0,0,0,0,0,0,0,0,0,0,0,0,0,0,0,0,0,0,0,0,0,0,0,0,0,0,0,0,0,0,0,
2026-05-29,09:10:22.530,8.30,100,69,0,0.050,5.94,25,-1.193,73,0,0.100,100,100,160.61,9.02,0.00,72,55.417000 12.872900,99,2026-05-29 09:10:22,0,180,-210,-40,-429,0,48,-2,322,0,0,-1,-1,-1,-1,-1,1,0,-1,-1,-1,1,50,-57,-210,0,50,0,0,0,0,0,0,0,298,0,0,0,0,0,0,0,0,0,0,0,0,0,0,0,0,0,0,0,0,0,0,0,0,0,0,0,0,0,0,0,0,0,0,0,0,0,0,0,0,0,0,0,0,0,0,0,0,0,0,0,
2026-05-29,09:10:22.640,8.30,100,70,0,0.040,5.93,25,-1.329,74,0,0.142,100,100,157.73,7.27,0.00,72,55.417000 12.872900,99,2026-05-29 09:10:22,0,189,-210,-57,-429,1,47,0,321,0,0,-1,-1,-1,-1,-1,1,0,-1,-1,-1,1,56,-60,-211,0,56,0,0,0,0,0,0,0,297,0,0,0,0,0,0,0,0,0,0,0,0,0,0,0,0,0,0,0,0,0,0,0,0,0,0,0,0,0,0,0,0,0,0,0,0,0,0,0,0,0,0,0,0,0,0,0,0,0,0,0,
2026-05-29,09:10:22.760,8.30,100,71,0,0.040,5.95,25,-1.417,73,0,0.104,100,100,156.30,5.33,0.00,72,55.417000 12.872900,99,2026-05-29 09:10:22,0,184,-211,-84,-430,0,46,0,322,0,0,-1,-1,-1,-1,-1,1,0,-1,-1,-1,1,65,-58,-211,0,65,0,0,0,0,0,0,0,297,0,0,0,0,0,0,0,0,0,0,0,0,0,0,0,0,0,0,0,0,0,0,0,0,0,0,0,0,0,0,0,0,0,0,0,0,0,0,0,0,0,0,0,0,0,0,0,0,0,0,0,
2026-05-29,09:10:22.870,8.30,100,73,0,0.040,5.96,25,-1.417,72,0,0.104,100,100,156.30,5.33,0.00,72,55.417000 12.872900,99,2026-05-29 09:10:22,0,178,-211,-63,-430,0,47,0,322,0,0,-1,-1,-1,-1,-1,1,0,-1,-1,-1,1,58,-56,-211,0,58,0,0,0,0,0,0,0,297,0,0,0,0,0,0,0,0,0,0,0,0,0,0,0,0,0,0,0,0,0,0,0,0,0,0,0,0,0,0,0,0,0,0,0,0,0,0,0,0,0,0,0,0,0,0,0,0,0,0,0,
2026-05-29,09:10:23.000,8.30,100,76,0,0.036,5.98,25,-1.406,71,0,0.136,100,100,153.94,3.29,0.00,74,55.417100 12.873100,93,2026-05-29 09:10:23,0,182,-211,-59,-430,2,47,-1,322,0,0,-1,-1,-1,-1,-1,1,0,-1,-1,-1,1,56,-58,-210,0,56,0,0,0,0,0,0,0,297,0,0,0,0,0,0,0,0,0,0,0,0,0,0,0,0,0,0,0,0,0,0,0,0,0,0,0,0,0,0,0,0,0,0,0,0,0,0,0,0,0,0,0,0,0,0,0,0,0,0,0,
2026-05-29,09:10:23.120,8.30,100,76,0,0.014,5.98,25,-1.502,71,0,0.111,100,100,151.20,1.48,0.00,74,55.417100 12.873100,93,2026-05-29 09:10:23,0,189,-211,-73,-430,1,47,-2,322,0,0,-1,-1,-1,-1,-1,1,0,-1,-1,-1,1,61,-60,-211,0,61,0,0,0,0,0,0,0,297,0,0,0,0,0,0,0,0,0,0,0,0,0,0,0,0,0,0,0,0,0,0,0,0,0,0,0,0,0,0,0,0,0,0,0,0,0,0,0,0,0,0,0,0,0,0,0,0,0,0,0,
2026-05-29,09:10:23.230,8.31,100,77,0,0.014,5.99,25,-1.502,71,0,0.111,100,100,151.20,1.48,0.00,74,55.417100 12.873100,93,2026-05-29 09:10:23,0,173,-210,-88,-430,0,47,0,322,0,0,-1,-1,-1,-1,-1,1,0,-1,-1,-1,1,66,-54,-210,0,66,0,0,0,0,0,0,0,297,0,0,0,0,0,0,0,0,0,0,0,0,0,0,0,0,0,0,0,0,0,0,0,0,0,0,0,0,0,0,0,0,0,0,0,0,0,0,0,0,0,0,0,0,0,0,0,0,0,0,0,
2026-05-29,09:10:23.350,8.30,100,78,0,0.013,5.97,25,-1.510,72,0,0.163,100,100,148.54,-0.31,0.00,74,55.417100 12.873100,93,2026-05-29 09:10:23,0,155,-211,-79,-429,1,48,-3,321,0,0,-1,-1,-1,-1,-1,1,0,-1,-1,-1,1,63,-47,-211,0,63,0,0,0,0,0,0,0,298,0,0,0,0,0,0,0,0,0,0,0,0,0,0,0,0,0,0,0,0,0,0,0,0,0,0,0,0,0,0,0,0,0,0,0,0,0,0,0,0,0,0,0,0,0,0,0,0,0,0,0,
2026-05-29,09:10:23.470,8.30,100,78,0,0.048,5.95,25,-1.167,72,0,0.117,100,100,146.62,-1.52,0.00,75,55.417100 12.873100,93,2026-05-29 09:10:23,0,182,-210,-102,-430,0,47,0,321,0,0,-1,-1,-1,-1,-1,1,0,-1,-1,-1,1,71,-58,-210,0,71,0,0,0,0,0,0,0,297,0,0,0,0,0,0,0,0,0,0,0,0,0,0,0,0,0,0,0,0,0,0,0,0,0,0,0,0,0,0,0,0,0,0,0,0,0,0,0,0,0,0,0,0,0,0,0,0,0,0,0,
2026-05-29,09:10:23.590,8.30,100,79,0,0.025,5.97,25,-1.167,71,0,0.117,100,100,146.62,-1.52,0.00,75,55.417100 12.873100,93,2026-05-29 09:10:23,0,195,-211,-103,-430,0,47,-1,321,0,0,-1,-1,-1,-1,-1,1,0,-1,-1,-1,1,72,-63,-211,0,72,0,0,0,0,0,0,0,297,0,0,0,0,0,0,0,0,0,0,0,0,0,0,0,0,0,0,0,0,0,0,0,0,0,0,0,0,0,0,0,0,0,0,0,0,0,0,0,0,0,0,0,0,0,0,0,0,0,0,0,
2026-05-29,09:10:23.710,8.30,100,78,0,0.025,5.95,25,-1.183,70,0,0.178,100,100,143.51,-2.26,0.00,75,55.417100 12.873100,93,2026-05-29 09:10:23,0,195,-211,-112,-430,0,47,0,322,0,0,-1,-1,-1,-1,-1,1,0,-1,-1,-1,1,75,-63,-211,0,75,0,0,0,0,0,0,0,297,0,0,0,0,0,0,0,0,0,0,0,0,0,0,0,0,0,0,0,0,0,0,0,0,0,0,0,0,0,0,0,0,0,0,0,0,0,0,0,0,0,0,0,0,0,0,0,0,0,0,0,
2026-05-29,09:10:23.820,8.30,100,78,0,-0.010,5.94,25,-1.504,69,0,0.139,100,100,140.77,-3.56,0.00,75,55.417100 12.873100,93,2026-05-29 09:10:23,0,197,-211,-97,-430,0,47,0,322,0,0,-1,-1,-1,-1,-1,1,0,-1,-1,-1,1,69,-63,-211,0,69,0,0,0,0,0,0,0,297,0,0,0,0,0,0,0,0,0,0,0,0,0,0,0,0,0,0,0,0,0,0,0,0,0,0,0,0,0,0,0,0,0,0,0,0,0,0,0,0,0,0,0,0,0,0,0,0,0,0,0,
2026-05-29,09:10:23.940,8.30,100,77,0,-0.030,5.96,25,-1.504,68,0,0.153,100,100,136.42,-4.75,0.00,75,55.417300 12.873300,93,2026-05-29 09:10:23,0,217,-211,-100,-430,0,48,0,322,0,0,-1,-1,-1,-1,-1,1,0,-1,-1,-1,1,70,-70,-211,0,70,0,0,0,0,0,0,0,297,0,0,0,0,0,0,0,0,0,0,0,0,0,0,0,0,0,0,0,0,0,0,0,0,0,0,0,0,0,0,0,0,0,0,0,0,0,0,0,0,0,0,0,0,0,0,0,0,0,0,0,
2026-05-29,09:10:24.060,8.30,100,76,0,-0.030,5.97,25,-1.457,68,0,0.153,100,100,136.42,-4.75,0.00,73,55.417300 12.873300,91,2026-05-29 09:10:24,0,217,-212,-97,-430,0,47,0,322,0,0,-1,-1,-1,-1,-1,1,0,-1,-1,-1,1,69,-70,-212,0,69,0,0,0,0,0,0,0,297,0,0,0,0,0,0,0,0,0,0,0,0,0,0,0,0,0,0,0,0,0,0,0,0,0,0,0,0,0,0,0,0,0,0,0,0,0,0,0,0,0,0,0,0,0,0,0,0,0,0,0,
2026-05-29,09:10:24.170,8.30,100,75,0,-0.026,5.97,25,-1.493,67,0,0.147,100,100,132.36,-5.46,0.00,73,55.417300 12.873300,91,2026-05-29 09:10:24,0,206,-211,-87,-430,0,47,-1,322,0,0,-1,-1,-1,-1,-1,1,0,-1,-1,-1,1,66,-67,-211,0,66,0,0,0,0,0,0,0,297,0,0,0,0,0,0,0,0,0,0,0,0,0,0,0,0,0,0,0,0,0,0,0,0,0,0,0,0,0,0,0,0,0,0,0,0,0,0,0,0,0,0,0,0,0,0,0,0,0,0,0,
2026-05-29,09:10:24.310,8.30,100,72,0,-0.019,5.96,25,-1.270,64,0,0.177,100,100,129.02,-5.92,0.00,73,55.417300 12.873300,91,2026-05-29 09:10:24,0,214,-211,-83,-429,0,47,0,322,0,0,-1,-1,-1,-1,-1,1,0,-1,-1,-1,1,65,-69,-211,0,65,0,0,0,0,0,0,0,298,0,0,0,0,0,0,0,0,0,0,0,0,0,0,0,0,0,0,0,0,0,0,0,0,0,0,0,0,0,0,0,0,0,0,0,0,0,0,0,0,0,0,0,0,0,0,0,0,0,0,0,
2026-05-29,09:10:24.440,8.30,100,70,0,-0.036,5.97,25,-1.270,62,0,0.194,100,100,129.02,-5.92,0.00,69,55.417300 12.873300,91,2026-05-29 09:10:24,0,213,-212,-79,-429,1,48,0,322,0,0,-1,-1,-1,-1,-1,1,0,-1,-1,-1,1,63,-69,-212,0,63,0,0,0,0,0,0,0,298,0,0,0,0,0,0,0,0,0,0,0,0,0,0,0,0,0,0,0,0,0,0,0,0,0,0,0,0,0,0,0,0,0,0,0,0,0,0,0,0,0,0,0,0,0,0,0,0,0,0,0,
2026-05-29,09:10:24.560,8.30,100,68,0,-0.036,5.98,25,-1.258,60,0,0.194,100,100,125.86,-5.85,0.00,69,55.417300 12.873300,91,2026-05-29 09:10:24,0,214,-212,-83,-430,0,47,0,322,0,0,-1,-1,-1,-1,-1,1,0,-1,-1,-1,1,65,-69,-212,0,65,0,0,0,0,0,0,0,297,0,0,0,0,0,0,0,0,0,0,0,0,0,0,0,0,0,0,0,0,0,0,0,0,0,0,0,0,0,0,0,0,0,0,0,0,0,0,0,0,0,0,0,0,0,0,0,0,0,0,0,
2026-05-29,09:10:24.700,8.30,100,62,0,-0.030,5.96,25,-1.226,57,0,0.184,100,100,122.90,-5.39,0.00,69,55.417300 12.873300,91,2026-05-29 09:10:24,0,224,-210,-80,-430,0,47,0,322,0,0,-1,-1,-1,-1,-1,1,0,-1,-1,-1,1,63,-73,-210,0,63,0,0,0,0,0,0,0,297,0,0,0,0,0,0,0,0,0,0,0,0,0,0,0,0,0,0,0,0,0,0,0,0,0,0,0,0,0,0,0,0,0,0,0,0,0,0,0,0,0,0,0,0,0,0,0,0,0,0,0,
2026-05-29,09:10:24.820,8.30,100,59,0,-0.044,5.97,25,-1.215,57,0,0.193,100,100,119.80,-4.44,0.00,69,55.417300 12.873300,91,2026-05-29 09:10:24,0,233,-211,-78,-430,0,47,0,321,0,0,-1,-1,-1,-1,-1,1,0,-1,-1,-1,1,63,-77,-211,0,63,0,0,0,0,0,0,0,297,0,0,0,0,0,0,0,0,0,0,0,0,0,0,0,0,0,0,0,0,0,0,0,0,0,0,0,0,0,0,0,0,0,0,0,0,0,0,0,0,0,0,0,0,0,0,0,0,0,0,0,
2026-05-29,09:10:24.930,8.30,100,59,0,-0.044,5.98,25,-1.215,58,0,0.193,100,100,119.80,-4.44,0.00,69,55.417500 12.873300,91,2026-05-29 09:10:24,0,251,-210,-72,-429,0,47,0,322,0,0,-1,-1,-1,-1,-1,1,0,-1,-1,-1,1,61,-83,-210,0,61,0,0,0,0,0,0,0,298,0,0,0,0,0,0,0,0,0,0,0,0,0,0,0,0,0,0,0,0,0,0,0,0,0,0,0,0,0,0,0,0,0,0,0,0,0,0,0,0,0,0,0,0,0,0,0,0,0,0,0,
2026-05-29,09:10:25.050,8.30,100,59,0,-0.061,5.96,25,-1.441,58,0,0.210,100,100,116.87,-3.30,0.00,66,55.417500 12.873300,91,2026-05-29 09:10:25,0,261,-212,-72,-430,1,47,-1,321,0,0,-1,-1,-1,-1,-1,1,0,-1,-1,-1,1,61,-87,-212,0,61,0,0,0,0,0,0,0,297,0,0,0,0,0,0,0,0,0,0,0,0,0,0,0,0,0,0,0,0,0,0,0,0,0,0,0,0,0,0,0,0,0,0,0,0,0,0,0,0,0,0,0,0,0,0,0,0,0,0,0,
2026-05-29,09:10:25.190,8.30,100,61,0,-0.048,5.95,25,-1.289,59,0,0.195,100,100,115.04,-1.73,0.00,66,55.417500 12.873300,91,2026-05-29 09:10:25,0,269,-211,-76,-430,1,47,0,322,0,0,-1,-1,-1,-1,-1,1,0,-1,-1,-1,1,62,-90,-211,0,62,0,0,0,0,0,0,0,297,0,0,0,0,0,0,0,0,0,0,0,0,0,0,0,0,0,0,0,0,0,0,0,0,0,0,0,0,0,0,0,0,0,0,0,0,0,0,0,0,0,0,0,0,0,0,0,0,0,0,0,
2026-05-29,09:10:25.310,8.30,100,62,0,-0.041,5.94,25,-1.163,60,0,0.202,100,100,113.56,-0.07,0.00,66,55.417500 12.873300,91,2026-05-29 09:10:25,0,272,-211,-77,-430,0,47,0,322,0,0,-1,-1,-1,-1,-1,1,0,-1,-1,-1,1,62,-91,-211,0,62,0,0,0,0,0,0,0,298,0,0,0,0,0,0,0,0,0,0,0,0,0,0,0,0,0,0,0,0,0,0,0,0,0,0,0,0,0,0,0,0,0,0,0,0,0,0,0,0,0,0,0,0,0,0,0,0,0,0,0,
2026-05-29,09:10:25.430,8.30,100,62,0,-0.041,5.96,25,-1.163,60,0,0.202,100,100,113.56,-0.07,0.00,63,55.417500 12.873300,91,2026-05-29 09:10:25,0,260,-211,-79,-429,2,46,-1,321,0,0,-1,-1,-1,-1,-1,1,0,-1,-1,-1,1,63,-87,-211,0,63,0,0,0,0,0,0,0,298,0,0,0,0,0,0,0,0,0,0,0,0,0,0,0,0,0,0,0,0,0,0,0,0,0,0,0,0,0,0,0,0,0,0,0,0,0,0,0,0,0,0,0,0,0,0,0,0,0,0,0,
2026-05-29,09:10:25.540,8.30,100,63,0,-0.063,5.97,25,-1.233,59,0,0.193,100,100,112.08,1.75,0.00,63,55.417500 12.873300,91,2026-05-29 09:10:25,0,268,-211,-77,-430,1,47,0,322,0,0,-1,-1,-1,-1,-1,1,0,-1,-1,-1,1,62,-90,-211,0,62,0,0,0,0,0,0,0,297,0,0,0,0,0,0,0,0,0,0,0,0,0,0,0,0,0,0,0,0,0,0,0,0,0,0,0,0,0,0,0,0,0,0,0,0,0,0,0,0,0,0,0,0,0,0,0,0,0,0,0,
2026-05-29,09:10:25.650,8.30,100,63,0,-0.062,5.98,25,-1.075,59,0,0.220,100,100,112.08,1.75,0.00,63,55.417500 12.873300,91,2026-05-29 09:10:25,0,270,-209,-65,-429,1,48,0,321,0,0,-1,-1,-1,-1,-1,1,0,-1,-1,-1,1,58,-90,-210,0,58,0,0,0,0,0,0,0,298,0,0,0,0,0,0,0,0,0,0,0,0,0,0,0,0,0,0,0,0,0,0,0,0,0,0,0,0,0,0,0,0,0,0,0,0,0,0,0,0,0,0,0,0,0,0,0,0,0,0,0,
2026-05-29,09:10:25.760,8.30,100,63,0,-0.062,5.96,25,-1.075,59,0,0.220,100,100,112.08,1.75,0.00,63,55.417500 12.873300,91,2026-05-29 09:10:25,0,289,-198,0,-430,0,47,-1,322,0,0,-1,-1,-1,-1,-1,1,0,-1,-1,-1,1,36,-98,-198,0,36,0,0,0,0,0,0,0,297,0,0,0,0,0,0,0,0,0,0,0,0,0,0,0,0,0,0,0,0,0,0,0,0,0,0,0,0,0,0,0,0,0,0,0,0,0,0,0,0,0,0,0,0,0,0,0,0,0,0,0,
2026-05-29,09:10:25.880,8.30,100,63,0,-0.043,5.95,25,-0.993,60,0,0.220,100,100,111.39,5.95,0.00,63,55.417600 12.873300,91,2026-05-29 09:10:25,0,324,-191,58,-430,0,47,-3,322,0,0,-1,-1,-1,-1,-1,1,0,-1,-1,-1,1,14,-111,-191,0,14,0,0,0,0,0,0,0,297,0,0,0,0,0,0,0,0,0,0,0,0,0,0,0,0,0,0,0,0,0,0,0,0,0,0,0,0,0,0,0,0,0,0,0,0,0,0,0,0,0,0,0,0,0,0,0,0,0,0,0,
2026-05-29,09:10:26.020,8.30,100,62,0,-0.101,5.96,25,-1.377,60,0,0.209,100,100,115.45,7.56,0.00,65,55.417600 12.873300,89,2026-05-29 09:10:26,0,346,-191,177,-430,0,47,0,322,0,0,-1,-1,-1,-1,-1,1,0,-1,-1,-1,1,-29,-119,-191,0,-28,0,0,0,0,0,0,0,297,0,0,0,0,0,0,0,0,0,0,0,0,0,0,0,0,0,0,0,0,0,0,0,0,0,0,0,0,0,0,0,0,0,0,0,0,0,0,0,0,0,0,0,0,0,0,0,0,0,0,0,
2026-05-29,09:10:26.140,8.30,100,62,0,-0.097,5.96,25,-1.529,60,0,0.170,100,100,115.45,7.56,0.00,65,55.417600 12.873300,89,2026-05-29 09:10:26,0,336,-191,147,-430,0,47,0,322,0,0,-1,-1,-1,-1,-1,1,0,-1,-1,-1,1,-18,-116,-191,0,-18,0,0,0,0,0,0,0,297,0,0,0,0,0,0,0,0,0,0,0,0,0,0,0,0,0,0,0,0,0,0,0,0,0,0,0,0,0,0,0,0,0,0,0,0,0,0,0,0,0,0,0,0,0,0,0,0,0,0,0,
2026-05-29,09:10:26.270,8.30,100,60,0,-0.097,5.94,25,-1.529,61,0,0.170,100,100,119.39,9.12,0.00,65,55.417600 12.873300,89,2026-05-29 09:10:26,0,341,-192,105,-430,0,47,0,322,0,0,-1,-1,-1,-1,-1,1,0,-1,-1,-1,1,-2,-118,-192,0,-2,0,0,0,0,0,0,0,297,0,0,0,0,0,0,0,0,0,0,0,0,0,0,0,0,0,0,0,0,0,0,0,0,0,0,0,0,0,0,0,0,0,0,0,0,0,0,0,0,0,0,0,0,0,0,0,0,0,0,0,
2026-05-29,09:10:26.410,8.30,100,58,0,-0.101,5.93,25,-1.558,59,0,0.146,100,100,124.82,10.03,0.00,62,55.417600 12.873300,89,2026-05-29 09:10:26,0,341,-192,57,-430,1,47,0,322,0,0,-1,-1,-1,-1,-1,1,0,-1,-1,-1,1,15,-118,-192,0,15,0,0,0,0,0,0,0,297,0,0,0,0,0,0,0,0,0,0,0,0,0,0,0,0,0,0,0,0,0,0,0,0,0,0,0,0,0,0,0,0,0,0,0,0,0,0,0,0,0,0,0,0,0,0,0,0,0,0,0,
2026-05-29,09:10:26.530,8.30,100,56,0,-0.116,5.93,25,-1.558,57,0,0.141,100,100,128.85,9.70,0.00,62,55.417600 12.873300,89,2026-05-29 09:10:26,0,342,-193,30,-430,0,47,-2,322,0,0,-1,-1,-1,-1,-1,1,0,-1,-1,-1,1,25,-119,-193,0,25,0,0,0,0,0,0,0,297,0,0,0,0,0,0,0,0,0,0,0,0,0,0,0,0,0,0,0,0,0,0,0,0,0,0,0,0,0,0,0,0,0,0,0,0,0,0,0,0,0,0,0,0,0,0,0,0,0,0,0,
2026-05-29,09:10:26.660,8.30,100,51,0,-0.093,5.96,25,-1.610,55,0,0.145,99,100,131.04,8.62,0.00,62,55.417600 12.873300,89,2026-05-29 09:10:26,0,337,-192,0,-430,0,48,0,321,0,0,-1,-1,-1,-1,-1,1,0,-1,-1,-1,1,36,-116,-192,0,36,0,0,0,0,0,0,0,297,0,0,0,0,0,0,0,0,0,0,0,0,0,0,0,0,0,0,0,0,0,0,0,0,0,0,0,0,0,0,0,0,0,0,0,0,0,0,0,0,0,0,0,0,0,0,0,0,0,0,0,
2026-05-29,09:10:26.770,8.30,100,50,0,-0.093,5.94,25,-1.610,55,0,0.145,99,100,131.04,8.62,0.00,62,55.417600 12.873300,89,2026-05-29 09:10:26,0,336,-192,0,-430,0,46,0,322,0,0,-1,-1,-1,-1,-1,1,0,-1,-1,-1,1,36,-116,-192,0,36,0,0,0,0,0,0,0,297,0,0,0,0,0,0,0,0,0,0,0,0,0,0,0,0,0,0,0,0,0,0,0,0,0,0,0,0,0,0,0,0,0,0,0,0,0,0,0,0,0,0,0,0,0,0,0,0,0,0,0,
2026-05-29,09:10:26.890,8.30,100,49,0,-0.084,5.96,25,-1.593,54,0,0.156,99,100,132.40,7.02,0.00,62,55.417700 12.873300,89,2026-05-29 09:10:26,0,331,-161,13,-430,1,48,0,322,0,0,-1,-1,-1,-1,-1,1,0,-1,-1,-1,1,31,-114,-161,0,31,0,0,0,0,0,0,0,297,0,0,0,0,0,0,0,0,0,0,0,0,0,0,0,0,0,0,0,0,0,0,0,0,0,0,0,0,0,0,0,0,0,0,0,0,0,0,0,0,0,0,0,0,0,0,0,0,0,0,0,
2026-05-29,09:10:27.010,8.30,100,48,0,-0.125,5.97,25,-1.641,54,0,0.142,99,100,133.07,5.33,0.00,58,55.417700 12.873100,86,2026-05-29 09:10:27,0,337,-102,16,-430,0,47,0,322,0,0,-1,-1,-1,-1,-1,1,0,-1,-1,-1,1,30,-116,-102,0,30,0,0,0,0,0,0,0,297,0,0,0,0,0,0,0,0,0,0,0,0,0,0,0,0,0,0,0,0,0,0,0,0,0,0,0,0,0,0,0,0,0,0,0,0,0,0,0,0,0,0,0,0,0,0,0,0,0,0,0,
2026-05-29,09:10:27.120,8.30,100,49,0,-0.125,5.98,25,-1.641,55,0,0.142,99,100,133.07,5.33,0.00,58,55.417700 12.873100,86,2026-05-29 09:10:27,0,333,-96,16,-429,1,47,0,321,0,0,-1,-1,-1,-1,-1,1,0,-1,-1,-1,1,30,-115,-96,0,30,0,0,0,0,0,0,0,298,0,0,0,0,0,0,0,0,0,0,0,0,0,0,0,0,0,0,0,0,0,0,0,0,0,0,0,0,0,0,0,0,0,0,0,0,0,0,0,0,0,0,0,0,0,0,0,0,0,0,0,
2026-05-29,09:10:27.260,8.30,100,51,0,-0.187,5.94,25,-1.751,55,0,0.171,99,100,133.92,3.60,0.00,58,55.417700 12.873100,86,2026-05-29 09:10:27,0,336,-22,23,-430,4,47,0,322,0,0,-1,-1,-1,-1,-1,1,0,-1,-1,-1,1,27,-116,-22,0,27,0,0,0,0,0,0,0,297,0,0,0,0,0,0,0,0,0,0,0,0,0,0,0,0,0,0,0,0,0,0,0,0,0,0,0,0,0,0,0,0,0,0,0,0,0,0,0,0,0,0,0,0,0,0,0,0,0,0,0,
2026-05-29,09:10:27.400,8.30,100,53,0,-0.217,5.93,25,-1.668,56,0,0.207,99,100,134.36,1.56,0.00,52,55.417700 12.873100,86,2026-05-29 09:10:27,0,336,-21,17,-429,0,48,0,322,0,0,-1,-1,-1,-1,-1,1,0,-1,-1,-1,1,30,-116,-21,0,30,0,0,0,0,0,0,0,298,0,0,0,0,0,0,0,0,0,0,0,0,0,0,0,0,0,0,0,0,0,0,0,0,0,0,0,0,0,0,0,0,0,0,0,0,0,0,0,0,0,0,0,0,0,0,0,0,0,0,0,
2026-05-29,09:10:27.520,8.30,100,56,0,-0.275,5.92,25,-2.072,57,0,0.081,100,100,135.16,-0.46,0.00,52,55.417700 12.873100,86,2026-05-29 09:10:27,0,338,-32,22,-430,3,46,0,322,0,0,-1,-1,-1,-1,-1,1,0,-1,-1,-1,1,28,-117,-32,0,28,0,0,0,0,0,0,0,297,0,0,0,0,0,0,0,0,0,0,0,0,0,0,0,0,0,0,0,0,0,0,0,0,0,0,0,0,0,0,0,0,0,0,0,0,0,0,0,0,0,0,0,0,0,0,0,0,0,0,0,
2026-05-29,09:10:27.660,8.30,100,58,0,-0.228,5.91,25,-1.923,59,0,0.139,100,100,135.16,-0.46,0.00,52,55.417700 12.873100,86,2026-05-29 09:10:27,0,338,-32,27,-430,0,47,0,322,0,0,-1,-1,-1,-1,-1,1,0,-1,-1,-1,1,26,-117,-32,0,26,0,0,0,0,0,0,0,297,0,0,0,0,0,0,0,0,0,0,0,0,0,0,0,0,0,0,0,0,0,0,0,0,0,0,0,0,0,0,0,0,0,0,0,0,0,0,0,0,0,0,0,0,0,0,0,0,0,0,0,
2026-05-29,09:10:27.770,8.30,100,60,0,-0.228,5.94,25,-1.923,60,0,0.139,100,100,136.91,-3.08,0.00,52,55.417700 12.873100,86,2026-05-29 09:10:27,0,336,-32,68,-430,0,47,0,322,0,0,-1,-1,-1,-1,-1,1,0,-1,-1,-1,1,11,-116,-32,0,11,0,0,0,0,0,0,0,297,0,0,0,0,0,0,0,0,0,0,0,0,0,0,0,0,0,0,0,0,0,0,0,0,0,0,0,0,0,0,0,0,0,0,0,0,0,0,0,0,0,0,0,0,0,0,0,0,0,0,0,
2026-05-29,09:10:27.890,8.30,100,62,0,-0.228,5.93,25,-1.955,60,0,0.139,100,100,137.05,-6.45,0.00,52,55.417700 12.872900,86,2026-05-29 09:10:27,0,332,-33,116,-430,0,48,-1,322,0,0,-1,-1,-1,-1,-1,1,0,-1,-1,-1,1,-6,-115,-32,0,-6,0,0,0,0,0,0,0,297,0,0,0,0,0,0,0,0,0,0,0,0,0,0,0,0,0,0,0,0,0,0,0,0,0,0,0,0,0,0,0,0,0,0,0,0,0,0,0,0,0,0,0,0,0,0,0,0,0,0,0,
2026-05-29,09:10:28.020,8.30,100,63,0,-0.237,5.94,25,-2.080,61,0,0.115,100,100,137.93,-9.37,0.00,49,55.417700 12.872900,82,2026-05-29 09:10:28,0,298,-32,143,-430,0,47,0,322,0,0,-1,-1,-1,-1,-1,1,0,-1,-1,-1,1,-17,-101,-32,0,-17,0,0,0,0,0,0,0,297,0,0,0,0,0,0,0,0,0,0,0,0,0,0,0,0,0,0,0,0,0,0,0,0,0,0,0,0,0,0,0,0,0,0,0,0,0,0,0,0,0,0,0,0,0,0,0,0,0,0,0,
2026-05-29,09:10:28.140,8.30,100,64,0,-0.237,5.93,25,-2.080,61,0,0.115,100,100,137.93,-9.37,0.00,49,55.417700 12.872900,82,2026-05-29 09:10:28,0,236,-32,200,-430,0,47,0,322,0,0,-1,-1,-1,-1,-1,1,0,-1,-1,-1,1,-37,-78,-32,0,-37,0,0,0,0,0,0,0,297,0,0,0,0,0,0,0,0,0,0,0,0,0,0,0,0,0,0,0,0,0,0,0,0,0,0,0,0,0,0,0,0,0,0,0,0,0,0,0,0,0,0,0,0,0,0,0,0,0,0,0,
2026-05-29,09:10:28.260,8.30,100,64,0,-0.197,5.92,25,-1.662,59,0,0.178,100,100,139.82,-12.05,0.00,49,55.417700 12.872900,82,2026-05-29 09:10:28,0,180,-32,235,-430,0,47,0,322,0,0,-1,-1,-1,-1,-1,1,0,-1,-1,-1,1,-51,-57,-32,0,-51,0,0,0,0,0,0,0,297,0,0,0,0,0,0,0,0,0,0,0,0,0,0,0,0,0,0,0,0,0,0,0,0,0,0,0,0,0,0,0,0,0,0,0,0,0,0,0,0,0,0,0,0,0,0,0,0,0,0,0,
2026-05-29,09:10:28.370,8.30,100,64,0,-0.205,5.92,25,-1.751,58,0,0.118,100,100,143.88,-13.46,0.00,49,55.417700 12.872900,82,2026-05-29 09:10:28,0,159,-35,217,-430,2,47,0,322,0,0,-1,-1,-1,-1,-1,1,0,-1,-1,-1,1,-44,-49,-35,0,-44,0,0,0,0,0,0,0,297,0,0,0,0,0,0,0,0,0,0,0,0,0,0,0,0,0,0,0,0,0,0,0,0,0,0,0,0,0,0,0,0,0,0,0,0,0,0,0,0,0,0,0,0,0,0,0,0,0,0,0,
2026-05-29,09:10:28.490,8.30,100,65,0,-0.205,5.94,25,-1.751,56,0,0.118,100,100,143.88,-13.46,0.00,47,55.417700 12.872900,82,2026-05-29 09:10:28,0,144,-131,204,-430,0,47,-3,322,0,0,-1,-1,-1,-1,-1,1,0,-1,-1,-1,1,-40,-43,-131,0,-40,0,0,0,0,0,0,0,297,0,0,0,0,0,0,0,0,0,0,0,0,0,0,0,0,0,0,0,0,0,0,0,0,0,0,0,0,0,0,0,0,0,0,0,0,0,0,0,0,0,0,0,0,0,0,0,0,0,0,0,
2026-05-29,09:10:28.610,8.30,100,65,0,-0.131,5.94,25,-1.658,55,0,0.028,99,100,148.27,-14.04,0.00,47,55.417700 12.872900,82,2026-05-29 09:10:28,0,114,-131,181,-430,0,48,0,322,0,0,-1,-1,-1,-1,-1,1,0,-1,-1,-1,1,-30,-32,-131,0,-30,0,0,0,0,0,0,0,297,0,0,0,0,0,0,0,0,0,0,0,0,0,0,0,0,0,0,0,0,0,0,0,0,0,0,0,0,0,0,0,0,0,0,0,0,0,0,0,0,0,0,0,0,0,0,0,0,0,0,0,
2026-05-29,09:10:28.730,8.30,100,66,0,-0.053,5.93,25,-1.244,52,0,0.053,99,100,154.11,-14.71,0.00,47,55.417700 12.872900,82,2026-05-29 09:10:28,0,75,-131,151,-430,0,47,-1,321,0,0,-1,-1,-1,-1,-1,1,0,-1,-1,-1,1,-19,-19,-131,0,-19,0,0,0,0,0,0,0,297,0,0,0,0,0,0,0,0,0,0,0,0,0,0,0,0,0,0,0,0,0,0,0,0,0,0,0,0,0,0,0,0,0,0,0,0,0,0,0,0,0,0,0,0,0,0,0,0,0,0,0,
2026-05-29,09:10:28.850,8.30,100,65,0,-0.045,5.92,25,-0.919,50,0,-0.009,99,100,159.19,-14.97,0.00,47,55.417700 12.872900,82,2026-05-29 09:10:28,0,64,-131,170,-429,2,47,-1,322,0,0,-1,-1,-1,-1,-1,1,0,-1,-1,-1,1,-26,-15,-131,0,-26,0,0,0,0,0,0,0,298,0,0,0,0,0,0,0,0,0,0,0,0,0,0,0,0,0,0,0,0,0,0,0,0,0,0,0,0,0,0,0,0,0,0,0,0,0,0,0,0,0,0,0,0,0,0,0,0,0,0,0,
2026-05-29,09:10:28.990,8.30,100,65,0,-0.045,5.92,25,-0.919,49,0,-0.009,99,100,159.19,-14.97,0.00,50,55.417600 12.872700,79,2026-05-29 09:10:29,0,24,-131,205,-430,0,48,0,322,0,0,-1,-1,-1,-1,-1,1,0,-1,-1,-1,1,-40,-1,-131,0,-40,0,0,0,0,0,0,0,297,0,0,0,0,0,0,0,0,0,0,0,0,0,0,0,0,0,0,0,0,0,0,0,0,0,0,0,0,0,0,0,0,0,0,0,0,0,0,0,0,0,0,0,0,0,0,0,0,0,0,0,
2026-05-29,09:10:29.100,8.30,100,63,0,-0.057,5.95,25,-0.936,49,0,-0.028,98,100,163.86,-13.85,0.00,50,55.417600 12.872700,79,2026-05-29 09:10:29,0,0,-131,184,-430,0,47,0,322,0,0,-1,-1,-1,-1,-1,1,0,-1,-1,-1,1,-31,8,-131,0,-31,0,0,0,0,0,0,0,297,0,0,0,0,0,0,0,0,0,0,0,0,0,0,0,0,0,0,0,0,0,0,0,0,0,0,0,0,0,0,0,0,0,0,0,0,0,0,0,0,0,0,0,0,0,0,0,0,0,0,0,
2026-05-29,09:10:29.220,8.30,100,62,0,-0.045,5.94,25,-0.872,51,0,0.048,98,100,169.60,-12.66,0.00,50,55.417600 12.872700,79,2026-05-29 09:10:29,0,0,-131,183,-429,1,48,0,322,0,0,-1,-1,-1,-1,-1,1,0,-1,-1,-1,1,-31,8,-131,0,-31,0,0,0,0,0,0,0,298,0,0,0,0,0,0,0,0,0,0,0,0,0,0,0,0,0,0,0,0,0,0,0,0,0,0,0,0,0,0,0,0,0,0,0,0,0,0,0,0,0,0,0,0,0,0,0,0,0,0,0,
2026-05-29,09:10:29.340,8.30,100,62,0,-0.031,5.93,25,-0.872,51,0,0.048,99,100,169.60,-12.66,0.00,50,55.417600 12.872700,79,2026-05-29 09:10:29,0,7,-130,181,-430,1,46,0,322,0,0,-1,-1,-1,-1,-1,1,0,-1,-1,-1,1,-30,5,-130,0,-30,0,0,0,0,0,0,0,297,0,0,0,0,0,0,0,0,0,0,0,0,0,0,0,0,0,0,0,0,0,0,0,0,0,0,0,0,0,0,0,0,0,0,0,0,0,0,0,0,0,0,0,0,0,0,0,0,0,0,0,
2026-05-29,09:10:29.460,8.30,100,61,0,-0.031,5.95,25,-0.590,52,0,0.032,99,100,174.15,-10.76,0.00,52,55.417600 12.872700,79,2026-05-29 09:10:29,0,43,-130,128,-430,1,47,0,322,0,0,-1,-1,-1,-1,-1,1,0,-1,-1,-1,1,-11,-8,-130,0,-11,0,0,0,0,0,0,0,297,0,0,0,0,0,0,0,0,0,0,0,0,0,0,0,0,0,0,0,0,0,0,0,0,0,0,0,0,0,0,0,0,0,0,0,0,0,0,0,0,0,0,0,0,0,0,0,0,0,0,0,
2026-05-29,09:10:29.570,8.30,100,61,0,-0.048,5.93,25,-0.968,51,0,-0.003,99,100,174.15,-10.76,0.00,52,55.417600 12.872700,79,2026-05-29 09:10:29,0,27,-131,77,-429,0,48,-1,321,0,0,-1,-1,-1,-1,-1,1,0,-1,-1,-1,1,8,-2,-131,0,8,0,0,0,0,0,0,0,298,0,0,0,0,0,0,0,0,0,0,0,0,0,0,0,0,0,0,0,0,0,0,0,0,0,0,0,0,0,0,0,0,0,0,0,0,0,0,0,0,0,0,0,0,0,0,0,0,0,0,0,
2026-05-29,09:10:29.680,8.30,100,60,0,-0.058,5.95,25,-0.968,52,0,-0.003,99,100,174.15,-10.76,0.00,52,55.417600 12.872700,79,2026-05-29 09:10:29,0,50,-130,-27,-429,1,47,0,322,0,0,-1,-1,-1,-1,-1,1,0,-1,-1,-1,1,46,-10,-130,0,46,0,0,0,0,0,0,0,298,0,0,0,0,0,0,0,0,0,0,0,0,0,0,0,0,0,0,0,0,0,0,0,0,0,0,0,0,0,0,0,0,0,0,0,0,0,0,0,0,0,0,0,0,0,0,0,0,0,0,0,
2026-05-29,09:10:29.790,8.30,100,58,0,-0.058,5.94,25,-0.860,52,0,-0.033,99,100,-175.90,-8.72,0.00,52,55.417600 12.872700,79,2026-05-29 09:10:29,0,71,-130,0,-430,0,47,0,321,0,0,-1,-1,-1,-1,-1,1,0,-1,-1,-1,1,36,-17,-130,0,36,0,0,0,0,0,0,0,297,0,0,0,0,0,0,0,0,0,0,0,0,0,0,0,0,0,0,0,0,0,0,0,0,0,0,0,0,0,0,0,0,0,0,0,0,0,0,0,0,0,0,0,0,0,0,0,0,0,0,0,
2026-05-29,09:10:29.910,8.30,100,55,0,-0.071,5.92,25,-0.788,52,0,-0.033,100,100,-174.84,-7.91,0.00,52,55.417500 12.872700,79,2026-05-29 09:10:29,0,59,-129,-3,-430,0,47,0,322,0,0,-1,-1,-1,-1,-1,1,0,-1,-1,-1,1,38,-13,-129,0,38,0,0,0,0,0,0,0,297,0,0,0,0,0,0,0,0,0,0,0,0,0,0,0,0,0,0,0,0,0,0,0,0,0,0,0,0,0,0,0,0,0,0,0,0,0,0,0,0,0,0,0,0,0,0,0,0,0,0,0,
2026-05-29,09:10:30.020,8.30,100,56,0,-0.056,5.94,25,-0.788,52,0,0.036,100,100,-176.33,-7.49,0.00,52,55.417500 12.872700,77,2026-05-29 09:10:30,0,53,-130,-20,-429,0,47,0,321,0,0,-1,-1,-1,-1,-1,1,0,-1,-1,-1,1,43,-11,-130,0,43,0,0,0,0,0,0,0,298,0,0,0,0,0,0,0,0,0,0,0,0,0,0,0,0,0,0,0,0,0,0,0,0,0,0,0,0,0,0,0,0,0,0,0,0,0,0,0,0,0,0,0,0,0,0,0,0,0,0,0,
2026-05-29,09:10:30.130,8.30,100,58,0,-0.056,5.96,25,-0.630,52,0,0.036,100,100,-176.33,-7.49,0.00,52,55.417500 12.872700,77,2026-05-29 09:10:30,0,58,-130,-10,-430,0,48,0,322,0,0,-1,-1,-1,-1,-1,1,0,-1,-1,-1,1,40,-13,-130,0,40,0,0,0,0,0,0,0,297,0,0,0,0,0,0,0,0,0,0,0,0,0,0,0,0,0,0,0,0,0,0,0,0,0,0,0,0,0,0,0,0,0,0,0,0,0,0,0,0,0,0,0,0,0,0,0,0,0,0,0,
2026-05-29,09:10:30.250,8.30,100,58,0,-0.055,5.97,25,-0.740,51,0,0.035,100,100,-176.69,-7.26,0.00,52,55.417500 12.872700,77,2026-05-29 09:10:30,0,62,-129,0,-429,0,47,0,322,0,0,-1,-1,-1,-1,-1,1,0,-1,-1,-1,1,36,-14,-129,0,36,0,0,0,0,0,0,0,298,0,0,0,0,0,0,0,0,0,0,0,0,0,0,0,0,0,0,0,0,0,0,0,0,0,0,0,0,0,0,0,0,0,0,0,0,0,0,0,0,0,0,0,0,0,0,0,0,0,0,0,
2026-05-29,09:10:30.370,8.30,100,60,0,-0.112,5.97,25,-1.280,52,0,0.023,100,100,-176.44,-6.94,0.00,52,55.417500 12.872700,77,2026-05-29 09:10:30,0,58,-128,0,-429,0,47,0,322,0,0,-1,-1,-1,-1,-1,1,0,-1,-1,-1,1,36,-13,-128,0,36,0,0,0,0,0,0,0,298,0,0,0,0,0,0,0,0,0,0,0,0,0,0,0,0,0,0,0,0,0,0,0,0,0,0,0,0,0,0,0,0,0,0,0,0,0,0,0,0,0,0,0,0,0,0,0,0,0,0,0,
2026-05-29,09:10:30.500,8.30,100,62,0,-0.112,5.97,25,-1.280,52,0,0.023,100,100,-176.44,-6.94,0.00,52,55.417500 12.872700,77,2026-05-29 09:10:30,0,62,-119,0,-429,0,47,0,322,0,0,-1,-1,-1,-1,-1,1,0,-1,-1,-1,1,36,-14,-119,0,36,0,0,0,0,0,0,0,298,0,0,0,0,0,0,0,0,0,0,0,0,0,0,0,0,0,0,0,0,0,0,0,0,0,0,0,0,0,0,0,0,0,0,0,0,0,0,0,0,0,0,0,0,0,0,0,0,0,0,0,
2026-05-29,09:10:30.620,8.30,100,63,0,-0.087,5.97,25,-1.200,52,0,0.023,100,100,-175.89,-7.09,0.00,52,55.417500 12.872700,77,2026-05-29 09:10:30,0,65,-97,0,-430,1,47,0,322,0,0,-1,-1,-1,-1,-1,1,0,-1,-1,-1,1,36,-15,-97,0,36,0,0,0,0,0,0,0,297,0,0,0,0,0,0,0,0,0,0,0,0,0,0,0,0,0,0,0,0,0,0,0,0,0,0,0,0,0,0,0,0,0,0,0,0,0,0,0,0,0,0,0,0,0,0,0,0,0,0,0,
2026-05-29,09:10:30.740,8.30,100,64,0,-0.096,5.98,25,-1.037,51,0,0.025,100,100,-175.66,-7.25,0.00,52,55.417500 12.872700,77,2026-05-29 09:10:30,0,75,-97,0,-430,0,47,0,322,0,0,-1,-1,-1,-1,-1,1,0,-1,-1,-1,1,36,-19,-97,0,36,0,0,0,0,0,0,0,297,0,0,0,0,0,0,0,0,0,0,0,0,0,0,0,0,0,0,0,0,0,0,0,0,0,0,0,0,0,0,0,0,0,0,0,0,0,0,0,0,0,0,0,0,0,0,0,0,0,0,0,
2026-05-29,09:10:30.860,8.30,100,65,0,-0.080,5.96,25,-1.037,52,0,0.025,100,100,-175.66,-7.25,0.00,52,55.417500 12.872700,77,2026-05-29 09:10:30,0,30,-98,0,-430,1,48,0,322,0,0,-1,-1,-1,-1,-1,1,0,-1,-1,-1,1,36,-3,-98,0,36,0,0,0,0,0,0,0,297,0,0,0,0,0,0,0,0,0,0,0,0,0,0,0,0,0,0,0,0,0,0,0,0,0,0,0,0,0,0,0,0,0,0,0,0,0,0,0,0,0,0,0,0,0,0,0,0,0,0,0,
2026-05-29,09:10:30.980,8.30,100,67,0,-0.080,5.98,25,-1.003,52,0,0.049,100,100,-176.43,-7.28,0.00,53,55.417300 12.872700,75,2026-05-29 09:10:31,0,0,-98,0,-429,0,47,0,322,0,0,-1,-1,-1,-1,-1,1,0,-1,-1,-1,1,36,8,-98,0,36,0,0,0,0,0,0,0,298,0,0,0,0,0,0,0,0,0,0,0,0,0,0,0,0,0,0,0,0,0,0,0,0,0,0,0,0,0,0,0,0,0,0,0,0,0,0,0,0,0,0,0,0,0,0,0,0,0,0,0,
2026-05-29,09:10:31.100,8.30,100,67,0,-0.073,5.96,25,-0.923,53,0,0.030,100,100,-177.13,-7.05,0.00,53,55.417300 12.872700,75,2026-05-29 09:10:31,0,0,-98,0,-430,1,47,0,322,0,0,-1,-1,-1,-1,-1,1,0,-1,-1,-1,1,36,8,-98,0,36,0,0,0,0,0,0,0,297,0,0,0,0,0,0,0,0,0,0,0,0,0,0,0,0,0,0,0,0,0,0,0,0,0,0,0,0,0,0,0,0,0,0,0,0,0,0,0,0,0,0,0,0,0,0,0,0,0,0,0,
2026-05-29,09:10:31.220,8.30,100,67,0,-0.054,5.97,25,-0.666,52,0,0.014,100,100,-177.87,-5.60,0.00,53,55.417300 12.872700,75,2026-05-29 09:10:31,0,0,-98,0,-429,0,47,0,322,0,0,-1,-1,-1,-1,-1,1,0,-1,-1,-1,1,36,8,-98,0,36,0,0,0,0,0,0,0,297,0,0,0,0,0,0,0,0,0,0,0,0,0,0,0,0,0,0,0,0,0,0,0,0,0,0,0,0,0,0,0,0,0,0,0,0,0,0,0,0,0,0,0,0,0,0,0,0,0,0,0,
2026-05-29,09:10:31.330,8.29,100,67,0,-0.054,5.98,25,-0.666,53,0,0.014,100,100,-177.87,-5.60,0.00,53,55.417300 12.872700,75,2026-05-29 09:10:31,0,0,-98,0,-430,2,46,-1,321,0,0,-1,-1,-1,-1,-1,1,0,-1,-1,-1,1,36,8,-98,0,36,0,0,0,0,0,0,0,297,0,0,0,0,0,0,0,0,0,0,0,0,0,0,0,0,0,0,0,0,0,0,0,0,0,0,0,0,0,0,0,0,0,0,0,0,0,0,0,0,0,0,0,0,0,0,0,0,0,0,0,
2026-05-29,09:10:31.440,8.29,100,68,0,-0.048,5.98,25,-0.615,52,0,0.027,100,100,-178.61,-4.10,0.00,53,55.417300 12.872700,75,2026-05-29 09:10:31,0,0,-98,0,-429,0,47,-2,321,0,0,-1,-1,-1,-1,-1,1,0,-1,-1,-1,1,36,8,-98,0,36,0,0,0,0,0,0,0,298,0,0,0,0,0,0,0,0,0,0,0,0,0,0,0,0,0,0,0,0,0,0,0,0,0,0,0,0,0,0,0,0,0,0,0,0,0,0,0,0,0,0,0,0,0,0,0,0,0,0,0,
2026-05-29,09:10:31.550,8.30,100,68,0,-0.061,5.99,25,-0.615,52,0,0.000,100,100,-179.26,-2.60,0.00,53,55.417300 12.872700,75,2026-05-29 09:10:31,0,0,-98,0,-429,0,47,0,322,0,0,-1,-1,-1,-1,-1,1,0,-1,-1,-1,1,36,8,-98,0,36,0,0,0,0,0,0,0,298,0,0,0,0,0,0,0,0,0,0,0,0,0,0,0,0,0,0,0,0,0,0,0,0,0,0,0,0,0,0,0,0,0,0,0,0,0,0,0,0,0,0,0,0,0,0,0,0,0,0,0,
2026-05-29,09:10:31.710,8.30,100,69,0,-0.058,5.99,25,-0.730,50,0,0.000,99,100,-179.26,-2.60,0.00,53,55.417300 12.872700,75,2026-05-29 09:10:31,0,83,-98,0,-430,0,47,0,321,0,0,-1,-1,-1,-1,-1,1,0,-1,-1,-1,1,36,-22,-98,0,36,0,0,0,0,0,0,0,297,0,0,0,0,0,0,0,0,0,0,0,0,0,0,0,0,0,0,0,0,0,0,0,0,0,0,0,0,0,0,0,0,0,0,0,0,0,0,0,0,0,0,0,0,0,0,0,0,0,0,0,
2026-05-29,09:10:31.830,8.30,100,69,0,-0.058,5.99,25,-0.834,49,0,0.030,99,100,-179.85,-1.37,0.00,53,55.417300 12.872700,75,2026-05-29 09:10:31,0,111,-98,0,-429,3,47,0,322,0,0,-1,-1,-1,-1,-1,1,0,-1,-1,-1,1,36,-31,-98,0,36,0,0,0,0,0,0,0,298,0,0,0,0,0,0,0,0,0,0,0,0,0,0,0,0,0,0,0,0,0,0,0,0,0,0,0,0,0,0,0,0,0,0,0,0,0,0,0,0,0,0,0,0,0,0,0,0,0,0,0,
2026-05-29,09:10:31.950,8.29,100,70,0,-0.062,5.97,25,-0.964,49,0,0.042,99,100,-95.47,-0.80,0.00,57,55.417200 12.872700,73,2026-05-29 09:10:31,0,87,-98,0,-430,0,48,0,322,0,0,-1,-1,-1,-1,-1,1,0,-1,-1,-1,1,36,-23,-98,0,36,0,0,0,0,0,0,0,297,0,0,0,0,0,0,0,0,0,0,0,0,0,0,0,0,0,0,0,0,0,0,0,0,0,0,0,0,0,0,0,0,0,0,0,0,0,0,0,0,0,0,0,0,0,0,0,0,0,0,0,
2026-05-29,09:10:32.060,8.30,100,69,0,-0.058,5.96,25,-0.969,48,0,0.054,99,100,177.18,-1.99,0.00,57,55.417200 12.872700,73,2026-05-29 09:10:32,0,96,-98,0,-430,0,47,0,322,0,0,-1,-1,-1,-1,-1,1,0,-1,-1,-1,1,36,-26,-98,0,36,0,0,0,0,0,0,0,297,0,0,0,0,0,0,0,0,0,0,0,0,0,0,0,0,0,0,0,0,0,0,0,0,0,0,0,0,0,0,0,0,0,0,0,0,0,0,0,0,0,0,0,0,0,0,0,0,0,0,0,
2026-05-29,09:10:32.170,8.29,100,69,0,-0.058,5.97,25,-0.969,48,0,0.054,98,100,177.18,-1.99,0.00,57,55.417200 12.872700,73,2026-05-29 09:10:32,0,95,-99,0,-430,0,47,0,321,0,0,-1,-1,-1,-1,-1,1,0,-1,-1,-1,1,36,-26,-99,0,36,0,0,0,0,0,0,0,297,0,0,0,0,0,0,0,0,0,0,0,0,0,0,0,0,0,0,0,0,0,0,0,0,0,0,0,0,0,0,0,0,0,0,0,0,0,0,0,0,0,0,0,0,0,0,0,0,0,0,0,
2026-05-29,09:10:32.290,8.29,100,69,0,-0.052,5.95,25,-1.096,48,0,0.060,98,100,178.62,-2.54,0.00,57,55.417200 12.872700,73,2026-05-29 09:10:32,0,83,-99,3,-429,0,48,0,322,0,0,-1,-1,-1,-1,-1,1,0,-1,-1,-1,1,34,-22,-99,0,34,0,0,0,0,0,0,0,298,0,0,0,0,0,0,0,0,0,0,0,0,0,0,0,0,0,0,0,0,0,0,0,0,0,0,0,0,0,0,0,0,0,0,0,0,0,0,0,0,0,0,0,0,0,0,0,0,0,0,0,
2026-05-29,09:10:32.410,8.29,100,70,0,-0.031,5.96,25,-0.926,48,0,0.048,99,100,178.62,-2.54,0.00,58,55.417200 12.872700,73,2026-05-29 09:10:32,0,44,-99,0,-429,1,47,0,321,0,0,-1,-1,-1,-1,-1,1,0,-1,-1,-1,1,36,-8,-98,0,36,0,0,0,0,0,0,0,298,0,0,0,0,0,0,0,0,0,0,0,0,0,0,0,0,0,0,0,0,0,0,0,0,0,0,0,0,0,0,0,0,0,0,0,0,0,0,0,0,0,0,0,0,0,0,0,0,0,0,0,
2026-05-29,09:10:32.530,8.30,100,70,0,-0.031,5.95,25,-0.926,48,0,0.048,98,100,178.62,-2.54,0.00,58,55.417200 12.872700,73,2026-05-29 09:10:32,0,48,-99,0,-430,0,48,0,321,0,0,-1,-1,-1,-1,-1,1,0,-1,-1,-1,1,36,-9,-99,0,36,0,0,0,0,0,0,0,297,0,0,0,0,0,0,0,0,0,0,0,0,0,0,0,0,0,0,0,0,0,0,0,0,0,0,0,0,0,0,0,0,0,0,0,0,0,0,0,0,0,0,0,0,0,0,0,0,0,0,0,
2026-05-29,09:10:32.640,8.30,100,70,0,-0.022,5.96,25,-0.952,48,0,0.077,98,100,178.69,-3.44,0.00,58,55.417200 12.872700,73,2026-05-29 09:10:32,0,36,-99,0,-430,0,47,0,321,0,0,-1,-1,-1,-1,-1,1,0,-1,-1,-1,1,36,-5,-99,0,36,0,0,0,0,0,0,0,297,0,0,0,0,0,0,0,0,0,0,0,0,0,0,0,0,0,0,0,0,0,0,0,0,0,0,0,0,0,0,0,0,0,0,0,0,0,0,0,0,0,0,0,0,0,0,0,0,0,0,0,
2026-05-29,09:10:32.750,8.30,100,70,0,0.002,5.98,25,-0.760,48,0,0.066,98,100,178.50,-2.81,0.00,58,55.417200 12.872700,73,2026-05-29 09:10:32,0,45,-98,0,-430,1,47,0,322,0,0,-1,-1,-1,-1,-1,1,0,-1,-1,-1,1,36,-8,-98,0,36,0,0,0,0,0,0,0,297,0,0,0,0,0,0,0,0,0,0,0,0,0,0,0,0,0,0,0,0,0,0,0,0,0,0,0,0,0,0,0,0,0,0,0,0,0,0,0,0,0,0,0,0,0,0,0,0,0,0,0,
2026-05-29,09:10:32.860,8.30,100,71,0,0.002,5.98,25,-0.760,48,0,0.066,97,100,178.50,-2.81,0.00,58,55.417200 12.872700,73,2026-05-29 09:10:32,0,60,-98,0,-430,0,47,0,322,0,0,-1,-1,-1,-1,-1,1,0,-1,-1,-1,1,36,-13,-98,0,36,0,0,0,0,0,0,0,297,0,0,0,0,0,0,0,0,0,0,0,0,0,0,0,0,0,0,0,0,0,0,0,0,0,0,0,0,0,0,0,0,0,0,0,0,0,0,0,0,0,0,0,0,0,0,0,0,0,0,0,
2026-05-29,09:10:32.990,8.30,100,71,0,0.007,5.99,25,-0.885,50,0,0.045,96,100,177.95,-2.23,0.00,62,55.417100 12.872600,70,2026-05-29 09:10:33,0,63,-99,0,-429,0,48,0,322,0,0,-1,-1,-1,-1,-1,1,0,-1,-1,-1,1,36,-15,-99,0,36,0,0,0,0,0,0,0,297,0,0,0,0,0,0,0,0,0,0,0,0,0,0,0,0,0,0,0,0,0,0,0,0,0,0,0,0,0,0,0,0,0,0,0,0,0,0,0,0,0,0,0,0,0,0,0,0,0,0,0,
2026-05-29,09:10:33.110,8.29,100,71,0,-0.001,5.97,25,-0.976,50,0,0.030,95,100,177.87,-1.78,0.00,62,55.417100 12.872600,70,2026-05-29 09:10:33,0,65,-98,7,-429,0,47,0,321,0,0,-1,-1,-1,-1,-1,1,0,-1,-1,-1,1,33,-15,-98,0,33,0,0,0,0,0,0,0,298,0,0,0,0,0,0,0,0,0,0,0,0,0,0,0,0,0,0,0,0,0,0,0,0,0,0,0,0,0,0,0,0,0,0,0,0,0,0,0,0,0,0,0,0,0,0,0,0,0,0,0,
2026-05-29,09:10:33.250,8.29,100,72,0,-0.001,5.98,25,-1.036,52,0,0.103,95,100,176.92,-1.50,0.00,62,55.417100 12.872600,70,2026-05-29 09:10:33,0,124,-99,3,-430,0,47,0,322,0,0,-1,-1,-1,-1,-1,1,0,-1,-1,-1,1,34,-36,-99,0,34,0,0,0,0,0,0,0,297,0,0,0,0,0,0,0,0,0,0,0,0,0,0,0,0,0,0,0,0,0,0,0,0,0,0,0,0,0,0,0,0,0,0,0,0,0,0,0,0,0,0,0,0,0,0,0,0,0,0,0,
2026-05-29,09:10:33.360,8.29,100,72,0,-0.001,5.99,25,-1.036,52,0,0.103,95,100,176.92,-1.50,0.00,62,55.417100 12.872600,70,2026-05-29 09:10:33,0,140,-98,0,-429,0,47,0,322,0,0,-1,-1,-1,-1,-1,1,0,-1,-1,-1,1,36,-41,-98,0,36,0,0,0,0,0,0,0,298,0,0,0,0,0,0,0,0,0,0,0,0,0,0,0,0,0,0,0,0,0,0,0,0,0,0,0,0,0,0,0,0,0,0,0,0,0,0,0,0,0,0,0,0,0,0,0,0,0,0,0,
2026-05-29,09:10:33.480,8.30,100,72,0,-0.004,5.99,25,-1.184,53,0,0.090,96,100,176.07,-2.06,0.00,62,55.417100 12.872600,70,2026-05-29 09:10:33,0,111,-98,0,-429,0,47,0,321,0,0,-1,-1,-1,-1,-1,1,0,-1,-1,-1,1,36,-31,-98,0,36,0,0,0,0,0,0,0,297,0,0,0,0,0,0,0,0,0,0,0,0,0,0,0,0,0,0,0,0,0,0,0,0,0,0,0,0,0,0,0,0,0,0,0,0,0,0,0,0,0,0,0,0,0,0,0,0,0,0,0,
2026-05-29,09:10:33.600,8.30,100,72,0,-0.034,5.97,25,-1.542,54,0,0.102,97,100,175.39,-3.88,0.00,62,55.417100 12.872600,70,2026-05-29 09:10:33,0,100,-99,0,-429,0,48,0,322,0,0,-1,-1,-1,-1,-1,1,0,-1,-1,-1,1,36,-27,-99,0,36,0,0,0,0,0,0,0,298,0,0,0,0,0,0,0,0,0,0,0,0,0,0,0,0,0,0,0,0,0,0,0,0,0,0,0,0,0,0,0,0,0,0,0,0,0,0,0,0,0,0,0,0,0,0,0,0,0,0,0,
2026-05-29,09:10:33.720,8.30,100,72,0,-0.034,5.97,25,-1.542,54,0,0.102,97,100,175.39,-3.88,0.00,62,55.417100 12.872600,70,2026-05-29 09:10:33,0,91,-99,0,-430,0,48,0,322,0,0,-1,-1,-1,-1,-1,1,0,-1,-1,-1,1,36,-24,-99,0,36,0,0,0,0,0,0,0,297,0,0,0,0,0,0,0,0,0,0,0,0,0,0,0,0,0,0,0,0,0,0,0,0,0,0,0,0,0,0,0,0,0,0,0,0,0,0,0,0,0,0,0,0,0,0,0,0,0,0,0,
2026-05-29,09:10:33.840,8.30,100,73,0,0.000,5.96,25,-1.278,55,0,0.014,98,100,174.58,-5.10,0.00,62,55.417100 12.872600,70,2026-05-29 09:10:33,0,85,-98,5,-430,0,48,0,322,0,0,-1,-1,-1,-1,-1,1,0,-1,-1,-1,1,34,-22,-98,0,34,0,0,0,0,0,0,0,297,0,0,0,0,0,0,0,0,0,0,0,0,0,0,0,0,0,0,0,0,0,0,0,0,0,0,0,0,0,0,0,0,0,0,0,0,0,0,0,0,0,0,0,0,0,0,0,0,0,0,0,
2026-05-29,09:10:33.990,8.30,100,73,0,0.004,5.97,25,-1.330,56,0,-0.005,99,100,174.27,-6.06,0.00,62,55.416900 12.872600,67,2026-05-29 09:10:34,0,78,-98,29,-430,0,48,0,322,0,0,-1,-1,-1,-1,-1,1,0,-1,-1,-1,1,25,-20,-98,0,25,0,0,0,0,0,0,0,297,0,0,0,0,0,0,0,0,0,0,0,0,0,0,0,0,0,0,0,0,0,0,0,0,0,0,0,0,0,0,0,0,0,0,0,0,0,0,0,0,0,0,0,0,0,0,0,0,0,0,0,
2026-05-29,09:10:34.110,8.29,100,74,0,0.008,5.95,25,-1.165,56,0,0.015,99,100,174.34,-6.72,0.00,62,55.416900 12.872600,67,2026-05-29 09:10:34,0,73,-98,30,-430,1,48,0,322,0,0,-1,-1,-1,-1,-1,1,0,-1,-1,-1,1,25,-18,-98,0,25,0,0,0,0,0,0,0,297,0,0,0,0,0,0,0,0,0,0,0,0,0,0,0,0,0,0,0,0,0,0,0,0,0,0,0,0,0,0,0,0,0,0,0,0,0,0,0,0,0,0,0,0,0,0,0,0,0,0,0,
2026-05-29,09:10:34.220,8.29,100,75,0,0.008,5.97,25,-1.165,58,0,0.015,99,100,174.34,-6.72,0.00,62,55.416900 12.872600,67,2026-05-29 09:10:34,0,68,-99,40,-429,0,48,0,322,0,0,-1,-1,-1,-1,-1,1,0,-1,-1,-1,1,22,-16,-99,0,22,0,0,0,0,0,0,0,298,0,0,0,0,0,0,0,0,0,0,0,0,0,0,0,0,0,0,0,0,0,0,0,0,0,0,0,0,0,0,0,0,0,0,0,0,0,0,0,0,0,0,0,0,0,0,0,0,0,0,0,
2026-05-29,09:10:34.340,8.30,100,76,0,-0.009,5.98,25,-1.168,61,0,0.074,100,100,174.25,-7.45,0.00,62,55.416900 12.872600,67,2026-05-29 09:10:34,0,61,-98,27,-430,0,48,0,322,0,0,-1,-1,-1,-1,-1,1,0,-1,-1,-1,1,26,-14,-98,0,26,0,0,0,0,0,0,0,297,0,0,0,0,0,0,0,0,0,0,0,0,0,0,0,0,0,0,0,0,0,0,0,0,0,0,0,0,0,0,0,0,0,0,0,0,0,0,0,0,0,0,0,0,0,0,0,0,0,0,0,
2026-05-29,09:10:34.460,8.30,100,77,0,-0.005,5.99,25,-1.072,62,0,0.059,100,100,174.53,-7.91,0.00,60,55.416900 12.872600,67,2026-05-29 09:10:34,0,74,-98,1,-430,0,46,0,322,0,0,-1,-1,-1,-1,-1,1,0,-1,-1,-1,1,35,-18,-98,0,35,0,0,0,0,0,0,0,297,0,0,0,0,0,0,0,0,0,0,0,0,0,0,0,0,0,0,0,0,0,0,0,0,0,0,0,0,0,0,0,0,0,0,0,0,0,0,0,0,0,0,0,0,0,0,0,0,0,0,0,
2026-05-29,09:10:34.570,8.29,100,77,0,-0.012,5.99,25,-1.072,61,0,0.059,100,100,174.53,-7.91,0.00,60,55.416900 12.872600,67,2026-05-29 09:10:34,0,68,-99,0,-430,1,46,-1,322,0,0,-1,-1,-1,-1,-1,1,0,-1,-1,-1,1,36,-16,-99,0,36,0,0,0,0,0,0,0,297,0,0,0,0,0,0,0,0,0,0,0,0,0,0,0,0,0,0,0,0,0,0,0,0,0,0,0,0,0,0,0,0,0,0,0,0,0,0,0,0,0,0,0,0,0,0,0,0,0,0,0,
2026-05-29,09:10:34.690,8.30,100,77,0,-0.012,5.97,25,-1.093,60,0,0.110,100,100,175.70,-7.84,0.00,60,55.416900 12.872600,67,2026-05-29 09:10:34,0,51,-98,36,-430,0,47,0,322,0,0,-1,-1,-1,-1,-1,1,0,-1,-1,-1,1,23,-10,-98,0,23,0,0,0,0,0,0,0,297,0,0,0,0,0,0,0,0,0,0,0,0,0,0,0,0,0,0,0,0,0,0,0,0,0,0,0,0,0,0,0,0,0,0,0,0,0,0,0,0,0,0,0,0,0,0,0,0,0,0,0,
2026-05-29,09:10:34.800,8.30,100,78,0,-0.023,5.97,25,-1.005,60,0,0.067,100,100,174.26,-7.83,0.00,60,55.416900 12.872600,67,2026-05-29 09:10:34,0,37,-99,40,-429,0,47,0,321,0,0,-1,-1,-1,-1,-1,1,0,-1,-1,-1,1,22,-5,-99,0,22,0,0,0,0,0,0,0,298,0,0,0,0,0,0,0,0,0,0,0,0,0,0,0,0,0,0,0,0,0,0,0,0,0,0,0,0,0,0,0,0,0,0,0,0,0,0,0,0,0,0,0,0,0,0,0,0,0,0,0,
2026-05-29,09:10:34.910,8.29,100,78,0,-0.009,5.99,25,-1.005,61,0,0.067,100,100,174.26,-7.83,0.00,60,55.416700 12.872600,67,2026-05-29 09:10:34,0,0,-98,20,-430,0,47,0,322,0,0,-1,-1,-1,-1,-1,1,0,-1,-1,-1,1,29,8,-98,0,29,0,0,0,0,0,0,0,297,0,0,0,0,0,0,0,0,0,0,0,0,0,0,0,0,0,0,0,0,0,0,0,0,0,0,0,0,0,0,0,0,0,0,0,0,0,0,0,0,0,0,0,0,0,0,0,0,0,0,0,
2026-05-29,09:10:35.050,8.29,100,79,0,-0.009,5.96,25,-0.824,63,0,0.032,100,100,174.21,-6.95,0.00,59,55.416700 12.872600,66,2026-05-29 09:10:35,0,12,-99,37,-430,0,47,0,322,0,0,-1,-1,-1,-1,-1,1,0,-1,-1,-1,1,22,3,-98,0,22,0,0,0,0,0,0,0,298,0,0,0,0,0,0,0,0,0,0,0,0,0,0,0,0,0,0,0,0,0,0,0,0,0,0,0,0,0,0,0,0,0,0,0,0,0,0,0,0,0,0,0,0,0,0,0,0,0,0,0,
2026-05-29,09:10:35.160,8.29,100,79,0,0.009,5.97,25,-0.634,64,0,0.055,100,100,174.21,-6.95,0.00,59,55.416700 12.872600,66,2026-05-29 09:10:35,0,23,-99,55,-430,0,47,0,322,0,0,-1,-1,-1,-1,-1,1,0,-1,-1,-1,1,15,-1,-99,0,15,0,0,0,0,0,0,0,297,0,0,0,0,0,0,0,0,0,0,0,0,0,0,0,0,0,0,0,0,0,0,0,0,0,0,0,0,0,0,0,0,0,0,0,0,0,0,0,0,0,0,0,0,0,0,0,0,0,0,0,
2026-05-29,09:10:35.280,8.30,100,80,0,0.002,5.98,25,-1.014,65,0,0.069,100,100,175.91,-4.05,0.00,59,55.416700 12.872600,66,2026-05-29 09:10:35,0,39,-98,54,-429,0,47,0,322,0,0,-1,-1,-1,-1,-1,1,0,-1,-1,-1,1,16,-6,-98,0,16,0,0,0,0,0,0,0,298,0,0,0,0,0,0,0,0,0,0,0,0,0,0,0,0,0,0,0,0,0,0,0,0,0,0,0,0,0,0,0,0,0,0,0,0,0,0,0,0,0,0,0,0,0,0,0,0,0,0,0,
2026-05-29,09:10:35.400,8.30,100,80,0,0.002,5.97,25,-1.014,66,0,0.069,100,100,175.91,-4.05,0.00,59,55.416700 12.872600,66,2026-05-29 09:10:35,0,61,-99,48,-429,0,47,0,322,0,0,-1,-1,-1,-1,-1,1,0,-1,-1,-1,1,18,-14,-99,0,18,0,0,0,0,0,0,0,298,0,0,0,0,0,0,0,0,0,0,0,0,0,0,0,0,0,0,0,0,0,0,0,0,0,0,0,0,0,0,0,0,0,0,0,0,0,0,0,0,0,0,0,0,0,0,0,0,0,0,0,
2026-05-29,09:10:35.520,8.30,100,80,0,0.005,5.98,25,-0.566,68,0,0.067,100,100,176.36,-3.20,0.00,59,55.416700 12.872600,66,2026-05-29 09:10:35,0,56,-98,49,-430,0,47,0,321,0,0,-1,-1,-1,-1,-1,1,0,-1,-1,-1,1,17,-12,-98,0,17,0,0,0,0,0,0,0,297,0,0,0,0,0,0,0,0,0,0,0,0,0,0,0,0,0,0,0,0,0,0,0,0,0,0,0,0,0,0,0,0,0,0,0,0,0,0,0,0,0,0,0,0,0,0,0,0,0,0,0,
2026-05-29,09:10:35.630,8.30,100,80,0,-0.007,5.96,25,-0.879,68,0,-0.026,100,100,175.42,-2.51,0.00,59,55.416700 12.872600,66,2026-05-29 09:10:35,0,51,-99,44,-430,0,47,0,322,0,0,-1,-1,-1,-1,-1,1,0,-1,-1,-1,1,19,-10,-98,0,19,0,0,0,0,0,0,0,297,0,0,0,0,0,0,0,0,0,0,0,0,0,0,0,0,0,0,0,0,0,0,0,0,0,0,0,0,0,0,0,0,0,0,0,0,0,0,0,0,0,0,0,0,0,0,0,0,0,0,0,
2026-05-29,09:10:35.740,8.30,100,79,0,-0.007,5.97,25,-0.879,68,0,-0.026,100,100,175.42,-2.51,0.00,59,55.416700 12.872600,66,2026-05-29 09:10:35,0,52,-98,57,-429,0,47,0,322,0,0,-1,-1,-1,-1,-1,1,0,-1,-1,-1,1,15,-11,-98,0,15,0,0,0,0,0,0,0,298,0,0,0,0,0,0,0,0,0,0,0,0,0,0,0,0,0,0,0,0,0,0,0,0,0,0,0,0,0,0,0,0,0,0,0,0,0,0,0,0,0,0,0,0,0,0,0,0,0,0,0,
2026-05-29,09:10:35.850,8.30,100,79,0,0.003,5.95,25,-0.919,68,0,-0.025,100,100,175.42,-2.53,0.00,59,55.416700 12.872600,66,2026-05-29 09:10:35,0,63,-99,86,-429,0,48,0,322,0,0,-1,-1,-1,-1,-1,1,0,-1,-1,-1,1,4,-15,-99,0,4,0,0,0,0,0,0,0,298,0,0,0,0,0,0,0,0,0,0,0,0,0,0,0,0,0,0,0,0,0,0,0,0,0,0,0,0,0,0,0,0,0,0,0,0,0,0,0,0,0,0,0,0,0,0,0,0,0,0,0,
2026-05-29,09:10:35.970,8.30,100,79,0,0.019,5.96,25,-0.848,68,0,-0.055,100,100,177.15,-1.98,0.00,60,55.416600 12.872700,65,2026-05-29 09:10:35,0,51,-98,73,-429,1,47,-3,322,0,0,-1,-1,-1,-1,-1,1,0,-1,-1,-1,1,9,-10,-98,0,9,0,0,0,0,0,0,0,298,0,0,0,0,0,0,0,0,0,0,0,0,0,0,0,0,0,0,0,0,0,0,0,0,0,0,0,0,0,0,0,0,0,0,0,0,0,0,0,0,0,0,0,0,0,0,0,0,0,0,0,
2026-05-29,09:10:36.080,8.30,100,78,0,0.019,5.97,25,-0.848,68,0,-0.055,100,100,177.15,-1.98,0.00,60,55.416600 12.872700,65,2026-05-29 09:10:36,0,57,-99,65,-430,0,48,0,322,0,0,-1,-1,-1,-1,-1,1,0,-1,-1,-1,1,12,-12,-99,0,12,0,0,0,0,0,0,0,297,0,0,0,0,0,0,0,0,0,0,0,0,0,0,0,0,0,0,0,0,0,0,0,0,0,0,0,0,0,0,0,0,0,0,0,0,0,0,0,0,0,0,0,0,0,0,0,0,0,0,0,
2026-05-29,09:10:36.200,8.30,100,77,0,0.039,5.99,25,-0.933,68,0,0.041,100,100,134.57,-1.63,0.00,60,55.416600 12.872700,65,2026-05-29 09:10:36,0,59,-98,53,-430,2,47,0,321,0,0,-1,-1,-1,-1,-1,1,0,-1,-1,-1,1,16,-13,-98,0,16,0,0,0,0,0,0,0,297,0,0,0,0,0,0,0,0,0,0,0,0,0,0,0,0,0,0,0,0,0,0,0,0,0,0,0,0,0,0,0,0,0,0,0,0,0,0,0,0,0,0,0,0,0,0,0,0,0,0,0,
2026-05-29,09:10:36.310,8.30,100,75,0,0.012,5.99,25,-1.136,70,0,0.003,100,100,-175.81,-1.29,0.00,60,55.416600 12.872700,65,2026-05-29 09:10:36,0,53,-98,52,-430,0,47,0,322,0,0,-1,-1,-1,-1,-1,1,0,-1,-1,-1,1,16,-11,-98,0,16,0,0,0,0,0,0,0,297,0,0,0,0,0,0,0,0,0,0,0,0,0,0,0,0,0,0,0,0,0,0,0,0,0,0,0,0,0,0,0,0,0,0,0,0,0,0,0,0,0,0,0,0,0,0,0,0,0,0,0,
2026-05-29,09:10:36.430,8.30,100,74,0,0.028,5.99,25,-1.136,71,0,0.003,100,100,-175.81,-1.29,0.00,61,55.416600 12.872700,65,2026-05-29 09:10:36,0,76,-99,61,-430,0,48,0,322,0,0,-1,-1,-1,-1,-1,1,0,-1,-1,-1,1,13,-19,-99,0,13,0,0,0,0,0,0,0,297,0,0,0,0,0,0,0,0,0,0,0,0,0,0,0,0,0,0,0,0,0,0,0,0,0,0,0,0,0,0,0,0,0,0,0,0,0,0,0,0,0,0,0,0,0,0,0,0,0,0,0,
2026-05-29,09:10:36.550,8.30,100,72,0,0.028,5.99,25,-0.976,72,0,0.020,100,100,-177.26,-1.10,0.00,61,55.416600 12.872700,65,2026-05-29 09:10:36,0,114,-97,46,-430,0,47,0,322,0,0,-1,-1,-1,-1,-1,1,0,-1,-1,-1,1,18,-32,-97,0,18,0,0,0,0,0,0,0,297,0,0,0,0,0,0,0,0,0,0,0,0,0,0,0,0,0,0,0,0,0,0,0,0,0,0,0,0,0,0,0,0,0,0,0,0,0,0,0,0,0,0,0,0,0,0,0,0,0,0,0,
2026-05-29,09:10:36.670,8.30,100,70,0,0.040,6.00,25,-0.805,73,0,0.012,100,100,-178.15,-0.98,0.00,61,55.416600 12.872700,65,2026-05-29 09:10:36,0,122,-97,42,-429,0,48,0,321,0,0,-1,-1,-1,-1,-1,1,0,-1,-1,-1,1,20,-35,-97,0,20,0,0,0,0,0,0,0,298,0,0,0,0,0,0,0,0,0,0,0,0,0,0,0,0,0,0,0,0,0,0,0,0,0,0,0,0,0,0,0,0,0,0,0,0,0,0,0,0,0,0,0,0,0,0,0,0,0,0,0,
2026-05-29,09:10:36.780,8.30,100,66,0,-0.008,6.00,25,-1.105,74,0,0.021,100,100,-178.21,-2.04,0.00,61,55.416600 12.872700,65,2026-05-29 09:10:36,0,124,-97,43,-430,1,47,0,322,0,0,-1,-1,-1,-1,-1,1,0,-1,-1,-1,1,19,-36,-97,0,19,0,0,0,0,0,0,0,297,0,0,0,0,0,0,0,0,0,0,0,0,0,0,0,0,0,0,0,0,0,0,0,0,0,0,0,0,0,0,0,0,0,0,0,0,0,0,0,0,0,0,0,0,0,0,0,0,0,0,0,
2026-05-29,09:10:36.910,8.30,100,63,0,-0.008,6.00,25,-1.105,75,0,0.021,100,100,-178.21,-2.04,0.00,61,55.416400 12.872700,65,2026-05-29 09:10:36,0,143,-96,53,-430,0,48,0,322,0,0,-1,-1,-1,-1,-1,1,0,-1,-1,-1,1,16,-43,-96,0,16,0,0,0,0,0,0,0,297,0,0,0,0,0,0,0,0,0,0,0,0,0,0,0,0,0,0,0,0,0,0,0,0,0,0,0,0,0,0,0,0,0,0,0,0,0,0,0,0,0,0,0,0,0,0,0,0,0,0,0,
2026-05-29,09:10:37.030,8.30,100,61,0,-0.012,6.00,25,-1.036,75,0,-0.006,100,100,-177.01,-3.37,0.00,61,55.416400 12.872700,63,2026-05-29 09:10:37,0,163,-95,61,-429,0,47,0,322,0,0,-1,-1,-1,-1,-1,1,0,-1,-1,-1,1,13,-50,-95,0,13,0,0,0,0,0,0,0,298,0,0,0,0,0,0,0,0,0,0,0,0,0,0,0,0,0,0,0,0,0,0,0,0,0,0,0,0,0,0,0,0,0,0,0,0,0,0,0,0,0,0,0,0,0,0,0,0,0,0,0,
2026-05-29,09:10:37.140,8.30,100,60,0,-0.066,6.00,25,-1.402,75,0,-0.015,100,100,-176.05,-5.07,0.00,61,55.416400 12.872700,63,2026-05-29 09:10:37,0,185,-30,65,-429,0,47,0,322,0,0,-1,-1,-1,-1,-1,1,0,-1,-1,-1,1,12,-59,-30,0,12,0,0,0,0,0,0,0,298,0,0,0,0,0,0,0,0,0,0,0,0,0,0,0,0,0,0,0,0,0,0,0,0,0,0,0,0,0,0,0,0,0,0,0,0,0,0,0,0,0,0,0,0,0,0,0,0,0,0,0,
2026-05-29,09:10:37.260,8.30,100,58,0,-0.066,5.97,25,-1.402,74,0,-0.015,100,100,-176.05,-5.07,0.00,61,55.416400 12.872700,63,2026-05-29 09:10:37,0,202,-27,64,-430,1,47,0,322,0,0,-1,-1,-1,-1,-1,1,0,-1,-1,-1,1,12,-65,-27,0,12,0,0,0,0,0,0,0,297,0,0,0,0,0,0,0,0,0,0,0,0,0,0,0,0,0,0,0,0,0,0,0,0,0,0,0,0,0,0,0,0,0,0,0,0,0,0,0,0,0,0,0,0,0,0,0,0,0,0,0,
2026-05-29,09:10:37.380,8.30,100,55,0,-0.135,5.94,25,-1.539,74,0,-0.051,100,100,-175.47,-7.72,0.00,60,55.416400 12.872700,63,2026-05-29 09:10:37,0,228,0,62,-430,0,48,0,322,0,0,-1,-1,-1,-1,-1,1,0,-1,-1,-1,1,13,-75,0,0,13,0,0,0,0,0,0,0,297,0,0,0,0,0,0,0,0,0,0,0,0,0,0,0,0,0,0,0,0,0,0,0,0,0,0,0,0,0,0,0,0,0,0,0,0,0,0,0,0,0,0,0,0,0,0,0,0,0,0,0,
2026-05-29,09:10:37.490,8.30,100,55,0,-0.194,5.96,25,-1.731,74,0,-0.017,100,100,-173.89,-10.91,0.00,60,55.416400 12.872700,63,2026-05-29 09:10:37,0,237,0,60,-430,2,47,0,322,0,0,-1,-1,-1,-1,-1,1,0,-1,-1,-1,1,14,-78,0,0,14,0,0,0,0,0,0,0,297,0,0,0,0,0,0,0,0,0,0,0,0,0,0,0,0,0,0,0,0,0,0,0,0,0,0,0,0,0,0,0,0,0,0,0,0,0,0,0,0,0,0,0,0,0,0,0,0,0,0,0,
2026-05-29,09:10:37.610,8.30,100,55,0,-0.217,5.94,25,-1.731,73,0,-0.017,100,100,-173.89,-10.91,0.00,60,55.416400 12.872700,63,2026-05-29 09:10:37,-1,253,50,59,-430,1,47,0,321,0,0,-1,-1,-1,-1,-1,1,0,-1,-1,-1,1,14,-84,50,-1,14,0,0,0,0,0,0,0,297,0,0,0,0,0,0,0,0,0,0,0,0,0,0,0,0,0,0,0,0,0,0,0,0,0,0,0,0,0,0,0,0,0,0,0,0,0,0,0,0,0,0,0,0,0,0,0,0,0,0,0,
2026-05-29,09:10:37.720,8.30,100,57,0,-0.217,5.96,25,-1.931,73,0,-0.017,100,100,-172.71,-14.68,0.00,60,55.416400 12.872700,63,2026-05-29 09:10:37,0,257,63,58,-430,0,48,0,322,0,0,-1,-1,-1,-1,-1,1,0,-1,-1,-1,1,14,-85,63,0,14,0,0,0,0,0,0,0,297,0,0,0,0,0,0,0,0,0,0,0,0,0,0,0,0,0,0,0,0,0,0,0,0,0,0,0,0,0,0,0,0,0,0,0,0,0,0,0,0,0,0,0,0,0,0,0,0,0,0,0,
2026-05-29,09:10:37.830,8.30,100,59,0,-0.292,5.97,25,-2.078,72,0,-0.089,100,100,-171.60,-19.18,0.00,60,55.416400 12.872700,63,2026-05-29 09:10:37,0,263,67,59,-430,0,48,0,322,0,0,-1,-1,-1,-1,-1,1,0,-1,-1,-1,1,14,-88,67,0,14,0,0,0,0,0,0,0,297,0,0,0,0,0,0,0,0,0,0,0,0,0,0,0,0,0,0,0,0,0,0,0,0,0,0,0,0,0,0,0,0,0,0,0,0,0,0,0,0,0,0,0,0,0,0,0,0,0,0,0,
2026-05-29,09:10:37.950,8.30,100,62,0,-0.331,5.95,25,-2.078,72,0,-0.089,100,100,-171.60,-19.18,0.00,60,55.416300 12.872700,62,2026-05-29 09:10:37,-16,269,100,59,-429,1,47,0,322,0,0,-1,-1,-1,-1,-1,1,0,-1,-1,-1,1,14,-90,100,-6,14,0,0,0,0,0,0,0,297,0,0,0,0,0,0,0,0,0,0,0,0,0,0,0,0,0,0,0,0,0,0,0,0,0,0,0,0,0,0,0,0,0,0,0,0,0,0,0,0,0,0,0,0,0,0,0,0,0,0,0,
2026-05-29,09:10:38.090,8.30,100,69,0,-0.331,5.95,25,-2.019,74,0,-0.133,100,100,-168.98,-23.82,0.00,58,55.416300 12.872700,62,2026-05-29 09:10:38,-18,277,147,52,-430,1,47,-1,321,0,0,-1,-1,-1,-1,-1,1,0,-1,-1,-1,1,16,-93,147,-7,16,0,0,0,0,0,0,0,297,0,0,0,0,0,0,0,0,0,0,0,0,0,0,0,0,0,0,0,0,0,0,0,0,0,0,0,0,0,0,0,0,0,0,0,0,0,0,0,0,0,0,0,0,0,0,0,0,0,0,0,
2026-05-29,09:10:38.230,8.30,100,71,0,-0.405,5.96,25,-1.868,75,0,-0.088,100,100,-166.58,-28.48,0.00,58,55.416300 12.872700,62,2026-05-29 09:10:38,0,271,149,47,-430,0,47,0,322,0,0,-1,-1,-1,-1,-1,1,0,-1,-1,-1,1,18,-91,149,0,18,0,0,0,0,0,0,0,297,0,0,0,0,0,0,0,0,0,0,0,0,0,0,0,0,0,0,0,0,0,0,0,0,0,0,0,0,0,0,0,0,0,0,0,0,0,0,0,0,0,0,0,0,0,0,0,0,0,0,0,
2026-05-29,09:10:38.350,8.29,100,74,0,-0.441,5.98,25,-1.785,75,0,-0.044,100,100,-163.89,-33.23,0.00,58,55.416300 12.872700,62,2026-05-29 09:10:38,0,265,149,39,-430,0,48,0,322,0,0,-1,-1,-1,-1,-1,1,0,-1,-1,-1,1,22,-89,149,0,22,0,0,0,0,0,0,0,297,0,0,0,0,0,0,0,0,0,0,0,0,0,0,0,0,0,0,0,0,0,0,0,0,0,0,0,0,0,0,0,0,0,0,0,0,0,0,0,0,0,0,0,0,0,0,0,0,0,0,0,
2026-05-29,09:10:38.480,8.30,100,75,0,-0.468,5.99,25,-1.722,76,0,-0.007,100,100,-163.89,-33.23,0.00,48,55.416300 12.872700,62,2026-05-29 09:10:38,0,263,148,42,-430,1,47,0,322,0,0,-1,-1,-1,-1,-1,1,0,-1,-1,-1,1,20,-88,148,0,20,0,0,0,0,0,0,0,297,0,0,0,0,0,0,0,0,0,0,0,0,0,0,0,0,0,0,0,0,0,0,0,0,0,0,0,0,0,0,0,0,0,0,0,0,0,0,0,0,0,0,0,0,0,0,0,0,0,0,0,
2026-05-29,09:10:38.600,8.30,100,75,0,-0.468,5.99,25,-1.722,77,0,-0.007,100,100,-160.79,-37.88,0.00,48,55.416300 12.872700,62,2026-05-29 09:10:38,0,254,148,37,-429,0,48,0,322,0,0,-1,-1,-1,-1,-1,1,0,-1,-1,-1,1,23,-84,148,0,23,0,0,0,0,0,0,0,298,0,0,0,0,0,0,0,0,0,0,0,0,0,0,0,0,0,0,0,0,0,0,0,0,0,0,0,0,0,0,0,0,0,0,0,0,0,0,0,0,0,0,0,0,0,0,0,0,0,0,0,
